{
	"imageSize": [
		1920,
		1080
	],
	"cameraMatrix": [
		[
			1024.4439397219692,
			0.0,
			937.6917443920559
		],
		[
			0.0,
			1025.4660394566745,
			546.8986805365603
		],
		[
			0.0,
			0.0,
			1.0
		]
	],
	"distCoeffs": [
		[
			0.08416442241940879,
			-0.10310599486904207,
			0.0,
			0.0,
			0.0
		]
	],
	"rvecs": [
		[
			[
				0.09224416251299646
			],
			[
				0.1895569740649185
			],
			[
				-1.3978823801865559
			]
		],
		[
			[
				0.08293163518078828
			],
			[
				0.11064881395194401
			],
			[
				-1.5654024155097794
			]
		],
		[
			[
				0.02902317102094808
			],
			[
				0.11238514479876842
			],
			[
				-1.5989770925355102
			]
		],
		[
			[
				0.0629959103776407
			],
			[
				0.10679502928488965
			],
			[
				-1.57804344594984
			]
		],
		[
			[
				0.06480796488084832
			],
			[
				0.10141291156363115
			],
			[
				-1.5697465875483188
			]
		],
		[
			[
				-0.7460842742070282
			],
			[
				1.1198972368526419
			],
			[
				-1.310244610996728
			]
		],
		[
			[
				-0.810091750699522
			],
			[
				1.2051000117827373
			],
			[
				-1.236798057191531
			]
		],
		[
			[
				-0.9130506664794757
			],
			[
				1.3063316541385868
			],
			[
				-1.1585724846834298
			]
		],
		[
			[
				-0.9827106729114387
			],
			[
				1.3517456399867998
			],
			[
				-1.114321521263644
			]
		],
		[
			[
				-0.9791138661935507
			],
			[
				1.3404413546313423
			],
			[
				-1.1258948603714176
			]
		],
		[
			[
				-0.7652361089747854
			],
			[
				1.0989016818977002
			],
			[
				-1.256764927689183
			]
		],
		[
			[
				-0.5810378250530424
			],
			[
				0.9121738904621404
			],
			[
				-1.3260785944420959
			]
		],
		[
			[
				-0.43712890657950343
			],
			[
				0.7702118286843015
			],
			[
				-1.3833170642881063
			]
		],
		[
			[
				-0.25886102557370466
			],
			[
				0.581782712523366
			],
			[
				-1.4425395455107413
			]
		],
		[
			[
				-0.03996585460664275
			],
			[
				0.38626730553865113
			],
			[
				-1.481760717660116
			]
		],
		[
			[
				0.01792529010122049
			],
			[
				0.1687548897237077
			],
			[
				-1.5278036694699926
			]
		],
		[
			[
				0.24348033509388103
			],
			[
				0.009245492744242469
			],
			[
				-1.5324947884416011
			]
		],
		[
			[
				0.407900421215847
			],
			[
				-0.11906742276465213
			],
			[
				-1.4802397024330263
			]
		],
		[
			[
				0.6420817090569488
			],
			[
				-0.2389318845474894
			],
			[
				-1.557810766063516
			]
		],
		[
			[
				0.8228028499617078
			],
			[
				-0.3975809030323369
			],
			[
				-1.5332091691605612
			]
		],
		[
			[
				0.9711850969112079
			],
			[
				-0.555493322630378
			],
			[
				-1.5523183306671893
			]
		],
		[
			[
				0.9963322635060574
			],
			[
				-0.6053703488215235
			],
			[
				-1.5548796309806237
			]
		],
		[
			[
				0.9298044766508056
			],
			[
				-0.6195865000086292
			],
			[
				-1.4944501931650755
			]
		],
		[
			[
				0.8814403904712151
			],
			[
				-0.6450255536215206
			],
			[
				-1.4402074771712816
			]
		],
		[
			[
				0.9129300691338067
			],
			[
				-0.6474610108849649
			],
			[
				-1.439134591032709
			]
		],
		[
			[
				0.9217923531435279
			],
			[
				-0.6764560318683406
			],
			[
				-1.4757886235579902
			]
		],
		[
			[
				0.8257223240289436
			],
			[
				-0.6035443225274242
			],
			[
				-1.5362000362476116
			]
		],
		[
			[
				0.832918327083736
			],
			[
				-0.6742493766078065
			],
			[
				-1.5765703654212246
			]
		],
		[
			[
				0.9130328413292751
			],
			[
				-0.7530326567902729
			],
			[
				-1.5453994567329867
			]
		],
		[
			[
				0.9645796058498511
			],
			[
				-0.7944851709440793
			],
			[
				-1.4307310958021415
			]
		],
		[
			[
				0.9752342154863423
			],
			[
				-0.8027267436156997
			],
			[
				-1.43917263849563
			]
		],
		[
			[
				0.9786930785413093
			],
			[
				-0.8020495467590454
			],
			[
				-1.4284235202041962
			]
		],
		[
			[
				0.6977401740885968
			],
			[
				-0.4055501118916312
			],
			[
				-1.4579136092650626
			]
		],
		[
			[
				0.54384608326957
			],
			[
				-0.18535733544205069
			],
			[
				-1.500240161936273
			]
		],
		[
			[
				0.3665609805371557
			],
			[
				-0.04615310689392092
			],
			[
				-1.532650118573682
			]
		],
		[
			[
				0.1954715706085227
			],
			[
				0.1105046743096847
			],
			[
				-1.5595010199769699
			]
		],
		[
			[
				0.1523190286049444
			],
			[
				0.18440792268840012
			],
			[
				-1.562607584402504
			]
		],
		[
			[
				0.32489293972293437
			],
			[
				0.3870652174447887
			],
			[
				-1.5495539007482706
			]
		],
		[
			[
				0.6478321447165292
			],
			[
				0.7560549572968429
			],
			[
				-1.4708046917985809
			]
		],
		[
			[
				0.7575002083661492
			],
			[
				0.8536962554237403
			],
			[
				-1.4358001755720484
			]
		],
		[
			[
				0.6636493054772498
			],
			[
				0.7669645085798026
			],
			[
				-1.4689757110882666
			]
		],
		[
			[
				0.37832578384407295
			],
			[
				0.49315763534326146
			],
			[
				-1.5259011529248228
			]
		],
		[
			[
				0.11160721977386792
			],
			[
				0.2540896591984392
			],
			[
				-1.5344201719898058
			]
		],
		[
			[
				-0.14330016556652395
			],
			[
				0.004720650257272428
			],
			[
				-1.52412102955804
			]
		],
		[
			[
				-0.2902121136509763
			],
			[
				-0.1509638954645732
			],
			[
				-1.5508474393177047
			]
		],
		[
			[
				-0.4938664564188211
			],
			[
				-0.3593573521252961
			],
			[
				-1.4507310220397498
			]
		],
		[
			[
				-0.632971892517639
			],
			[
				-0.519916847607554
			],
			[
				-1.3779548785146418
			]
		],
		[
			[
				-0.4672410008238943
			],
			[
				-0.3610295936486468
			],
			[
				-1.4814921044432465
			]
		],
		[
			[
				-0.1718331465037665
			],
			[
				-0.12351976343497016
			],
			[
				-1.5262312030099046
			]
		],
		[
			[
				0.0725140976095645
			],
			[
				0.023589204200464883
			],
			[
				-1.5580596492575234
			]
		],
		[
			[
				0.16731513162163902
			],
			[
				-0.02680409116602642
			],
			[
				-1.5570632151157917
			]
		],
		[
			[
				0.2037442148224212
			],
			[
				-0.07941060034269849
			],
			[
				-1.5689877335772833
			]
		],
		[
			[
				0.2401051815774596
			],
			[
				-0.10780280882395946
			],
			[
				-1.5767956684478224
			]
		],
		[
			[
				0.22879010700120925
			],
			[
				-0.08637498186682718
			],
			[
				-1.5738683286425283
			]
		],
		[
			[
				0.20075980599323515
			],
			[
				-0.07193166708888189
			],
			[
				-1.5658335638696512
			]
		],
		[
			[
				0.19382483003040626
			],
			[
				-0.05913230450015893
			],
			[
				-1.5555616273469253
			]
		],
		[
			[
				0.20265512927669535
			],
			[
				-0.028809842094664397
			],
			[
				-1.5477913935613261
			]
		],
		[
			[
				0.1373308773467388
			],
			[
				0.009188860658550145
			],
			[
				-1.504887402339653
			]
		],
		[
			[
				0.08283113087700439
			],
			[
				0.05221553007253952
			],
			[
				-1.5245775880891022
			]
		],
		[
			[
				0.0453442386726261
			],
			[
				0.08491963762594601
			],
			[
				-1.5454779346397718
			]
		],
		[
			[
				0.014770774802091652
			],
			[
				0.10000772301325514
			],
			[
				-1.5611317720347002
			]
		],
		[
			[
				-0.025630289873513564
			],
			[
				0.1398321131046369
			],
			[
				-1.5820576010261682
			]
		],
		[
			[
				-0.05290426516457914
			],
			[
				0.1636117470443032
			],
			[
				-1.5796798840850368
			]
		],
		[
			[
				-0.057749970865606626
			],
			[
				0.1744616713381297
			],
			[
				-1.6124182022023994
			]
		],
		[
			[
				-0.05551004209829913
			],
			[
				0.18461526667035566
			],
			[
				-1.6350110534351945
			]
		],
		[
			[
				-0.0636200339775407
			],
			[
				0.19144604254840866
			],
			[
				-1.6413969161497788
			]
		],
		[
			[
				-0.03926801210625076
			],
			[
				0.21743885300442134
			],
			[
				-1.6283188525918226
			]
		],
		[
			[
				-0.02415300360418163
			],
			[
				0.24165711715392016
			],
			[
				-1.5661051729983528
			]
		],
		[
			[
				-0.029583677438481233
